"","kingdom","phylum","class","order","family","genus","species"
"gMOTU_14","Metazoa","Arthropoda","Insecta","Diptera","Limoniidae","Molophilus","Molophilus_griseus"
"gMOTU_20","Metazoa","Arthropoda","Insecta","Diptera","Tipulidae","Tipula","Tipula_sp._BOLD-2016"
"gMOTU_29","Metazoa","Arthropoda","Insecta","Hymenoptera","Cynipidae","Neuroterus","Neuroterus_quercusbaccarum"
"gMOTU_33","Metazoa","Arthropoda","Insecta","Trichoptera","Hydropsychidae","Hydropsyche","Hydropsyche_siltalai"
"gMOTU_39","Metazoa","Annelida","Clitellata","Haplotaxida","Lumbricidae","Lumbricus","Lumbricus_rubellus_complex_sp._B_SM-2016"
"gMOTU_40","Metazoa","Arthropoda","Insecta","Diptera","Tipulidae","Tipula","Tipula_parshleyi"
"gMOTU_45","Metazoa","Mollusca","Gastropoda","Stylommatophora","Arionidae","Arion","Arion_intermedius"
"gMOTU_51","Metazoa","Arthropoda","Insecta","Diptera","Limoniidae","Austrolimnophila","Austrolimnophila_ochracea"
"gMOTU_59","Metazoa","Arthropoda","Diplopoda","Glomerida","Glomeridae","Glomeris","Glomeris_marginata"
"gMOTU_66","Metazoa","Arthropoda","Insecta","Lepidoptera","Yponomeutidae","Prays","Prays_oleae"
"gMOTU_68","Metazoa","Arthropoda","Insecta","Hymenoptera","Cynipidae","Neuroterus","Neuroterus_anthracinus"
"gMOTU_69","Metazoa","Arthropoda","Insecta","Lepidoptera","Hepialidae","Phymatopus","Phymatopus_hecta"
"gMOTU_85","Metazoa","Arthropoda","Insecta","Trichoptera","Sericostomatidae","Sericostoma","Sericostoma_personatum"
"gMOTU_88","Metazoa","Arthropoda","Insecta","Lepidoptera","Hepialidae","Pharmacis","Pharmacis_fusconebulosa"
"gMOTU_90","Metazoa","Arthropoda","Insecta","Hymenoptera","Cynipidae","Neuroterus","Neuroterus_numismalis"
"gMOTU_100","Metazoa","Arthropoda","Insecta","Lepidoptera","Gelechiidae","Exoteleia","Exoteleia_dodecella"
"gMOTU_104","Metazoa","Arthropoda","Insecta","Diptera","Limoniidae","Cheilotrichia","Cheilotrichia_cinerascens"
"gMOTU_107","Metazoa","Arthropoda","Insecta","Lepidoptera","Hepialidae","Hepialus","Hepialus_humuli"
"gMOTU_116","Metazoa","Arthropoda","Insecta","Hymenoptera","Cynipidae","Andricus","Andricus_curvator"
"gMOTU_117","Metazoa","Arthropoda","Insecta","Neuroptera","Hemerobiidae","Hemerobius","Hemerobius_humulinus"
"gMOTU_127","Metazoa","Arthropoda","Insecta","Coleoptera","Scirtidae","Elodes","Elodes_minuta"
"gMOTU_132","Metazoa","Annelida","Clitellata","Haplotaxida","Lumbricidae","Lumbricus","Lumbricus_festivus"
"gMOTU_136","Metazoa","Arthropoda","Insecta","Lepidoptera","Noctuidae","Autographa","Autographa_pulchrina"
"gMOTU_138","Metazoa","Arthropoda","Insecta","Trichoptera","Goeridae","Silo","Silo_pallipes"
"gMOTU_145","Metazoa","Arthropoda","Insecta","Diptera","Empididae","Rhamphomyia","Rhamphomyia_sp._S12"
"gMOTU_152","Metazoa","Arthropoda","Insecta","Lepidoptera","Tortricidae","Lozotaenia","Lozotaenia_forsterana"
"gMOTU_155","Metazoa","Arthropoda","Insecta","Diptera","Scathophagidae","Scathophaga","Scathophaga_sp._BIOUG01427-D12"
"gMOTU_159","Metazoa","Arthropoda","Insecta","Lepidoptera","Argyresthiidae","Argyresthia","Argyresthia_brockeella"
"gMOTU_162","Metazoa","Arthropoda","Insecta","Lepidoptera","Noctuidae","Anaplectoides","Anaplectoides_prasina"
"gMOTU_163","Metazoa","Arthropoda","Insecta","Diptera","Limoniidae","Rhipidia","Rhipidia_maculata"
"gMOTU_164","Metazoa","Arthropoda","Insecta","Hymenoptera","Braconidae","Pygostolus","Pygostolus_falcatus"
"gMOTU_169","Metazoa","Arthropoda","Arachnida","Araneae","Linyphiidae","Hypomma","Hypomma_cornutum"
"gMOTU_171","Metazoa","Arthropoda","Insecta","Trichoptera","Limnephilidae","Limnephilus","Limnephilus_sparsus"
"gMOTU_175","Metazoa","Arthropoda","Insecta","Lepidoptera","Tortricidae","Aethes","Aethes_rubigana"
"gMOTU_179","Metazoa","Arthropoda","Arachnida","Araneae","Clubionidae","Clubiona","Clubiona_comta"
"gMOTU_180","Metazoa","Arthropoda","Insecta","Diptera","Culicidae","Culiseta","Culiseta_morsitans"
"gMOTU_185","Metazoa","Arthropoda","Insecta","Diptera","Tipulidae","Tipula","Tipula_banffiana"
"gMOTU_186","Metazoa","Arthropoda","Insecta","Trichoptera","Phryganeidae","Trichostegia","Trichostegia_minor"
"gMOTU_200","Metazoa","Arthropoda","Insecta","Lepidoptera","Tortricidae","Capua","Capua_vulgana"
"gMOTU_204","Metazoa","Arthropoda","Insecta","Trichoptera","Limnephilidae","Limnephilus","Limnephilus_luridus"
"gMOTU_224","Metazoa","Arthropoda","Insecta","Lepidoptera","Plutellidae","Rhigognostis","Rhigognostis_incarnatella"
"gMOTU_226","Metazoa","Arthropoda","Insecta","Trichoptera","Limnephilidae","Limnephilus","Limnephilus_auricula"
"gMOTU_230","Metazoa","Arthropoda","Arachnida","Araneae","Theridiidae","Anelosimus","Anelosimus_vittatus"
"gMOTU_238","Metazoa","Arthropoda","Insecta","Hemiptera","Cicadellidae","Fagocyba","Fagocyba_douglasi"
"gMOTU_241","Metazoa","Arthropoda","Insecta","Lepidoptera","Tortricidae","Celypha","Celypha_cf._lacunana_BOLD-2016"
"gMOTU_258","Metazoa","Arthropoda","Insecta","Lepidoptera","Tortricidae","Apotomis","Apotomis_fraterculana"
"gMOTU_261","Metazoa","Arthropoda","Insecta","Lepidoptera","Oecophoridae","Endrosis","Endrosis_sarcitrella"
"gMOTU_271","Metazoa","Arthropoda","Insecta","Diptera","Tipulidae","Tipula","Tipula_luridorostris"
"gMOTU_274","Metazoa","Arthropoda","Insecta","Lepidoptera","Depressariidae","Agonopterix","Agonopterix_nervosa"
"gMOTU_278","Metazoa","Arthropoda","Insecta","Diptera","Limoniidae","Limonia","Limonia_trivittata"
"gMOTU_279","Metazoa","Arthropoda","Insecta","Lepidoptera","Geometridae","Thera","Thera_obeliscata"
"gMOTU_280","Metazoa","Arthropoda","Insecta","Hymenoptera","Braconidae","Pygostolus","Pygostolus_sticticus"
"gMOTU_281","Metazoa","Arthropoda","Insecta","Lepidoptera","Gracillariidae","Phyllonorycter","Phyllonorycter_maestingella"
"gMOTU_292","Metazoa","Arthropoda","Insecta","Diptera","Anisopodidae","Sylvicola","Sylvicola_fenestralis"
"gMOTU_319","Metazoa","Arthropoda","Insecta","Diptera","Ceratopogonidae","Bezzia","Bezzia_sp._5BH"
"gMOTU_336","Metazoa","Arthropoda","Insecta","Lepidoptera","Adelidae","Nematopogon","Nematopogon_metaxella"
"gMOTU_353","Metazoa","Arthropoda","Insecta","Trichoptera","Limnephilidae","Limnephilus","Limnephilus_vittatus"
"gMOTU_358","Metazoa","Arthropoda","Insecta","Lepidoptera","Gracillariidae","Phyllonorycter","Phyllonorycter_salicicolella"
"gMOTU_360","Metazoa","Arthropoda","Insecta","Lepidoptera","Bucculatricidae","Bucculatrix","Bucculatrix_demaryella"
"gMOTU_366","Metazoa","Arthropoda","Insecta","Diptera","Cecidomyiidae","Family_Cecidomyiidae","Family_Cecidomyiidae"
"gMOTU_370","Metazoa","Arthropoda","Insecta","Diptera","Scathophagidae","Scathophaga","Scathophaga_sp._BIOUG01428-B01"
"gMOTU_385","Metazoa","Arthropoda","Malacostraca","Isopoda","Porcellionidae","Porcellio","Porcellio_scaber"
"gMOTU_395","Metazoa","Arthropoda","Insecta","Trichoptera","Limnephilidae","Limnephilus","Limnephilus_flavicornis"
"gMOTU_409","Metazoa","Arthropoda","Insecta","Hymenoptera","Braconidae","Meteorus","Meteorus_pendulus"
"gMOTU_410","Metazoa","Arthropoda","Insecta","Hemiptera","Miridae","Phylus","Phylus_melanocephalus"
"gMOTU_420","Metazoa","Arthropoda","Insecta","Hymenoptera","Braconidae","Aleiodes","Aleiodes_pictus"
"gMOTU_422","Metazoa","Arthropoda","Insecta","Trichoptera","Phryganeidae","Phryganea","Phryganea_grandis"
"gMOTU_425","Metazoa","Arthropoda","Arachnida","Araneae","Anyphaenidae","Anyphaena","Anyphaena_accentuata"
"gMOTU_430","Metazoa","Arthropoda","Insecta","Lepidoptera","Tortricidae","Rhopobota","Rhopobota_naevana"
"gMOTU_449","Metazoa","Arthropoda","Insecta","Diptera","Phoridae","Megaselia","Megaselia_fungivora"
"gMOTU_456","Metazoa","Arthropoda","Insecta","Lepidoptera","Plutellidae","Plutella","Plutella_xylostella"
"gMOTU_479","Metazoa","Arthropoda","Insecta","Diptera","Psychodidae","Psychoda","Psychoda_trinodulosa"
"gMOTU_496","Metazoa","Arthropoda","Insecta","Diptera","Anisopodidae","Sylvicola","Sylvicola_sp._BIOUG01392-G05"
"gMOTU_513","Metazoa","Arthropoda","Arachnida","Araneae","Tetragnathidae","Tetragnatha","Tetragnatha_montana"
"gMOTU_529","Metazoa","Arthropoda","Insecta","Lepidoptera","Gelechiidae","Carpatolechia","Carpatolechia_proximella"
"gMOTU_553","Metazoa","Arthropoda","Insecta","Neuroptera","Hemerobiidae","Wesmaelius","Wesmaelius_sp._BOLD:AAP2909"
"gMOTU_568","Metazoa","Arthropoda","Arachnida","Araneae","Tetragnathidae","Metellina","Metellina_mengei"
"gMOTU_571","Metazoa","Arthropoda","Insecta","Lepidoptera","Argyresthiidae","Argyresthia","Argyresthia_laevigatella"
"gMOTU_612","Metazoa","Arthropoda","Insecta","Lepidoptera","Geometridae","Idaea","Idaea_aversata"
"gMOTU_646","Metazoa","Arthropoda","Arachnida","Araneae","Tetragnathidae","Meta","Meta_menardi"
"gMOTU_663","Metazoa","Arthropoda","Insecta","Lepidoptera","Agonoxenidae","Blastodacna","Blastodacna_hellerella"
"gMOTU_677","Metazoa","Arthropoda","Insecta","Diptera","Hybotidae","Platypalpus","Platypalpus_exilis"
"gMOTU_680","Metazoa","Arthropoda","Insecta","Lepidoptera","Tortricidae","Archips","Archips_podanus"
"gMOTU_682","Metazoa","Arthropoda","Insecta","Diptera","Empididae","Rhamphomyia","Rhamphomyia_umbripennis"
"gMOTU_695","Metazoa","Arthropoda","Insecta","Lepidoptera","Coleophoridae","Coleophora","Coleophora_glaucicolella"
"gMOTU_711","Metazoa","Arthropoda","Insecta","Lepidoptera","Gracillariidae","Phyllonorycter","Phyllonorycter_sorbi"
"gMOTU_712","Metazoa","Arthropoda","Insecta","Lepidoptera","Geometridae","Macaria","Macaria_liturata"
"gMOTU_715","Metazoa","Arthropoda","Insecta","Lepidoptera","Plutellidae","Homadaula","Homadaula_albida"
"gMOTU_724","Metazoa","Arthropoda","Insecta","Trichoptera","Limnephilidae","Limnephilus","Limnephilus_sp._BOLD:AAE6317"
"gMOTU_739","Metazoa","Arthropoda","Insecta","Lepidoptera","Gracillariidae","Phyllonorycter","Phyllonorycter_quercifoliella"
"gMOTU_765","Metazoa","Arthropoda","Insecta","Trichoptera","Lepidostomatidae","Lepidostoma","Lepidostoma_hirtum"
"gMOTU_790","Metazoa","Arthropoda","Insecta","Diptera","Tipulidae","Tipula","Tipula_serta"
"gMOTU_791","Metazoa","Arthropoda","Insecta","Diptera","Tipulidae","Family_Tipulidae","Family_Tipulidae"
"gMOTU_797","Metazoa","Arthropoda","Insecta","Lepidoptera","Tortricidae","Clepsis","Clepsis_spectrana"
"gMOTU_801","Metazoa","Arthropoda","Insecta","Neuroptera","Hemerobiidae","Hemerobius","Hemerobius_marginatus"
"gMOTU_811","Metazoa","Arthropoda","Insecta","Trichoptera","Limnephilidae","Grammotaulius","Grammotaulius_nigropunctatus"
"gMOTU_814","Metazoa","Arthropoda","Insecta","Diptera","Ulidiidae","Seioptera","Seioptera_vibrans"
"gMOTU_819","Metazoa","Arthropoda","Insecta","Lepidoptera","Gracillariidae","Parornix","Parornix_devoniella"
"gMOTU_848","Metazoa","Arthropoda","Insecta","Trichoptera","Goeridae","Silo","Silo_nigricornis"
"gMOTU_865","Metazoa","Arthropoda","Insecta","Diptera","Limoniidae","Dicranomyia","Dicranomyia_sp._BOLD:AAI1352"
"gMOTU_907","Metazoa","Arthropoda","Insecta","Lepidoptera","Hepialidae","Korscheltellus","Korscheltellus_gracilis"
"gMOTU_967","Metazoa","Arthropoda","Insecta","Diptera","Tipulidae","Tipula","Tipula_coleana"
"gMOTU_974","Metazoa","Arthropoda","Insecta","Lepidoptera","Argyresthiidae","Argyresthia","Argyresthia_pygmaeella"
"gMOTU_978","Metazoa","Arthropoda","Insecta","Diptera","Phoridae","Megaselia","Megaselia_sp._15_SH-2017"
"gMOTU_990","Metazoa","Arthropoda","Insecta","Trichoptera","Limnephilidae","Limnephilus","Limnephilus_indivisus"
"gMOTU_1000","Metazoa","Arthropoda","Insecta","Hemiptera","Aphididae","Drepanosiphum","Drepanosiphum_platanoidis"
"gMOTU_1060","Metazoa","Arthropoda","Insecta","Lepidoptera","Tortricidae","Pandemis","Pandemis_heparana"
"gMOTU_1083","Metazoa","Arthropoda","Insecta","Lepidoptera","Geometridae","Lomaspilis","Lomaspilis_marginata"
"gMOTU_1182","Metazoa","Arthropoda","Insecta","Diptera","Tipulidae","Tipula","Tipula_platymera"
"gMOTU_1240","Metazoa","Arthropoda","Insecta","Neuroptera","Hemerobiidae","Hemerobius","Hemerobius_lutescens"
"gMOTU_1375","Metazoa","Arthropoda","Insecta","Lepidoptera","Tortricidae","Epinotia","Epinotia_sp._BOLD:AAB1331"
"gMOTU_1545","Metazoa","Arthropoda","Insecta","Lepidoptera","Plutellidae","Rhigognostis","Rhigognostis_schmaltzella"
"gMOTU_3335","Metazoa","Arthropoda","Insecta","Diptera","Anisopodidae","Sylvicola","Sylvicola_sp._BIOUG01402-E09"
"zMOTU_3","Metazoa","Arthropoda","Insecta","Diptera","Limoniidae","none","Limoniidae_sp._10FD02"
"zMOTU_4","Metazoa","Arthropoda","Insecta","Lepidoptera","Yponomeutidae","Prays","Prays_fraxinella"
"zMOTU_5","Metazoa","Arthropoda","Insecta","Lepidoptera","Tortricidae","Agapeta","Agapeta_hamana"
"zMOTU_7","Metazoa","Arthropoda","Insecta","Lepidoptera","Crambidae","Chrysoteuchia","Chrysoteuchia_culmella"
"zMOTU_9","Metazoa","Arthropoda","Insecta","Lepidoptera","Lasiocampidae","Euthrix","Euthrix_potatoria"
"zMOTU_10","Metazoa","Arthropoda","Insecta","Lepidoptera","Tortricidae","Tortrix","Tortrix_viridana"
"zMOTU_11","Metazoa","Arthropoda","Insecta","Coleoptera","Staphylinidae","Quedius","Quedius_fuliginosus"
"zMOTU_15","Metazoa","Arthropoda","Insecta","Lepidoptera","Argyresthiidae","Argyresthia","Argyresthia_retinella"
"zMOTU_18","Metazoa","Arthropoda","Insecta","Diptera","Tipulidae","Tipula","Tipula_oleracea"
"zMOTU_22","Metazoa","Arthropoda","Insecta","Neuroptera","Hemerobiidae","Hemerobius","Hemerobius_simulans"
"zMOTU_26","Metazoa","Arthropoda","Insecta","Diptera","Tipulidae","none","Tipulidae_sp._4FA06"
"zMOTU_29","Metazoa","Arthropoda","Insecta","Lepidoptera","Tortricidae","Hedya","Hedya_pruniana"
"zMOTU_32","Metazoa","Arthropoda","Insecta","Lepidoptera","Tortricidae","Eucosma","Eucosma_hohenwartiana"
"zMOTU_34","Metazoa","Arthropoda","Insecta","Lepidoptera","Blastobasidae","Blastobasis","Blastobasis_adustella"
"zMOTU_35","Metazoa","Arthropoda","Insecta","Lepidoptera","Gelechiidae","Gelechia","Gelechia_sororculella"
"zMOTU_39","Metazoa","Arthropoda","Insecta","Lepidoptera","Tortricidae","Eucosma","Eucosma_cana"
"zMOTU_40","Metazoa","Arthropoda","Insecta","Lepidoptera","Tortricidae","Hedya","Hedya_nubiferana"
"zMOTU_43","Metazoa","Arthropoda","Insecta","Lepidoptera","Gelechiidae","Helcystogramma","Helcystogramma_rufescens"
"zMOTU_50","Metazoa","Arthropoda","Insecta","Lepidoptera","Tortricidae","Epinotia","Epinotia_tenerana"
"zMOTU_54","Metazoa","Arthropoda","Insecta","Lepidoptera","Tortricidae","Bactra","Bactra_furfurana"
"zMOTU_55","Metazoa","Arthropoda","Insecta","Diptera","Culicidae","Culex","Culex_pipiens"
"zMOTU_56","Metazoa","Arthropoda","Insecta","Lepidoptera","Tortricidae","Bactra","Bactra_lancealana"
"zMOTU_59","Metazoa","Arthropoda","Insecta","Diptera","Tipulidae","Tipula","Tipula_furca"
"zMOTU_60","Metazoa","Arthropoda","Insecta","Lepidoptera","Yponomeutidae","Prays","Prays_ruficeps"
"zMOTU_62","Metazoa","Arthropoda","Insecta","Lepidoptera","Tortricidae","Notocelia","Notocelia_trimaculana"
"zMOTU_64","Metazoa","Arthropoda","Insecta","Lepidoptera","Oecophoridae","Hofmannophila","Hofmannophila_pseudospretella"
"zMOTU_65","Metazoa","Arthropoda","Insecta","Trichoptera","Limnephilidae","Limnephilus","Limnephilus_stigma"
"zMOTU_69","Metazoa","Arthropoda","Insecta","Lepidoptera","Elachistidae","Elachista","Elachista_argentella"
"zMOTU_72","Metazoa","Arthropoda","Insecta","Lepidoptera","Argyresthiidae","Argyresthia","Argyresthia_spinosella"
"zMOTU_73","Metazoa","Arthropoda","Insecta","Diptera","Scathophagidae","Scathophaga","Scathophaga_sp._BIOUG31069-H01"
"zMOTU_74","Metazoa","Arthropoda","Insecta","Lepidoptera","Tortricidae","Bactra","Bactra_lacteana"
"zMOTU_76","Metazoa","Arthropoda","Insecta","Diptera","Scathophagidae","Chaetosa","Chaetosa_palpalis"
"zMOTU_78","Metazoa","Arthropoda","Insecta","Lepidoptera","Argyresthiidae","Argyresthia","Argyresthia_conjugella"
"zMOTU_79","Metazoa","Arthropoda","Insecta","Lepidoptera","Geometridae","Hydriomena","Hydriomena_furcata"
"zMOTU_80","Metazoa","Arthropoda","Insecta","Lepidoptera","Coleophoridae","Coleophora","Coleophora_albicosta"
"zMOTU_81","Metazoa","Arthropoda","Insecta","Lepidoptera","Tortricidae","Pseudargyrotoza","Pseudargyrotoza_conwagana"
"zMOTU_83","Metazoa","Arthropoda","Insecta","Neuroptera","Hemerobiidae","Hemerobius","Hemerobius_pini"
"zMOTU_86","Metazoa","Arthropoda","Insecta","Lepidoptera","Tortricidae","Pandemis","Pandemis_cerasana"
"zMOTU_88","Metazoa","Arthropoda","Insecta","Lepidoptera","Tortricidae","Aethes","Aethes_cnicana"
"zMOTU_94","Metazoa","Arthropoda","Insecta","Lepidoptera","Tortricidae","Epiphyas","Epiphyas_postvittana"
"zMOTU_96","Metazoa","Arthropoda","Insecta","Lepidoptera","Tortricidae","Epinotia","Epinotia_tedella"
"zMOTU_97","Metazoa","Arthropoda","Insecta","Lepidoptera","Noctuidae","Eupsilia","Eupsilia_transversa"
"zMOTU_105","Metazoa","Arthropoda","Insecta","Lepidoptera","Tortricidae","Cnephasia","Cnephasia_incertana"
"zMOTU_115","Metazoa","Arthropoda","Insecta","Lepidoptera","Tortricidae","Celypha","Celypha_lacunana"
"zMOTU_116","Metazoa","Arthropoda","Insecta","Lepidoptera","Tortricidae","Apotomis","Apotomis_spinulana"
"zMOTU_117","Metazoa","Arthropoda","Insecta","Diptera","Anisopodidae","Sylvicola","Sylvicola_cinctus"
"zMOTU_121","Metazoa","Arthropoda","Insecta","Diptera","Ceratopogonidae","Culicoides","Culicoides_impunctatus"
"zMOTU_124","Metazoa","Arthropoda","Insecta","Lepidoptera","Tortricidae","Ancylis","Ancylis_geminana"
"zMOTU_127","Metazoa","Arthropoda","Insecta","Lepidoptera","Geometridae","Biston","Biston_stratarius"
"zMOTU_130","Metazoa","Arthropoda","Insecta","Trichoptera","Limnephilidae","Micropterna","Micropterna_sequax"
"zMOTU_137","Metazoa","Arthropoda","Insecta","Lepidoptera","Geometridae","Odontopera","Odontopera_bidentata"
"zMOTU_141","Metazoa","Arthropoda","Insecta","Diptera","Pediciidae","Ula","Ula_sylvatica"
"zMOTU_142","Metazoa","Arthropoda","Insecta","Lepidoptera","Erebidae","Schrankia","Schrankia_costaestrigalis"
"zMOTU_144","Metazoa","Arthropoda","Insecta","Diptera","Ceratopogonidae","Forcipomyia","Forcipomyia_sp._BIOUG21147-A02"
"zMOTU_146","Metazoa","Arthropoda","Insecta","Neuroptera","Hemerobiidae","Hemerobius","Hemerobius_micans"
"zMOTU_150","Metazoa","Arthropoda","Insecta","Diptera","Mycetophilidae","Mycetophila","Mycetophila_sp._BIOUG22064-D04"
"zMOTU_152","Metazoa","Arthropoda","Insecta","Lepidoptera","Depressariidae","Pseudatemelia","Pseudatemelia_josephinae"
"zMOTU_155","Metazoa","Arthropoda","Insecta","Trichoptera","Polycentropodidae","Polycentropus","Polycentropus_kingi"
"zMOTU_157","Metazoa","Arthropoda","Insecta","Diptera","Limoniidae","Limonia","Limonia_sp._BOLD:AAI1356"
"zMOTU_159","Metazoa","Arthropoda","Insecta","Lepidoptera","Tortricidae","Lathronympha","Lathronympha_strigana"
"zMOTU_160","Metazoa","Arthropoda","Insecta","Diptera","Psilidae","none","Psilidae_sp._BIOUG31118-E07"
"zMOTU_169","Metazoa","Arthropoda","Insecta","Lepidoptera","Depressariidae","Agonopterix","Agonopterix_conterminella"
"zMOTU_170","Metazoa","Arthropoda","Insecta","Diptera","Culicidae","Culiseta","Culiseta_fumipennis"
"zMOTU_171","Metazoa","Arthropoda","Insecta","Diptera","Simuliidae","Simulium","Simulium_cryophilum"
"zMOTU_172","Metazoa","Arthropoda","Insecta","Diptera","Mycetophilidae","Neuratelia","Neuratelia_nemoralis"
"zMOTU_179","Metazoa","Arthropoda","Insecta","Neuroptera","Hemerobiidae","Hemerobius","Hemerobius_sp._BIOUG19532-C04"
"zMOTU_183","Metazoa","Arthropoda","Insecta","Diptera","Psilidae","Psila","Psila_sp._BIOUG31104-D10"
"zMOTU_186","Metazoa","Arthropoda","Insecta","Diptera","Chironomidae","Microtendipes","Microtendipes_pedellus"
"zMOTU_187","Metazoa","Arthropoda","Insecta","Lepidoptera","Drepanidae","Falcaria","Falcaria_lacertinaria"
"zMOTU_188","Metazoa","Arthropoda","Insecta","Diptera","Tipulidae","Tipula","Tipula_varipennis"
"zMOTU_189","Metazoa","Arthropoda","Insecta","Hymenoptera","Ichneumonidae","Mesochorus","Mesochorus_suomiensis"
"zMOTU_193","Metazoa","Arthropoda","Insecta","Lepidoptera","Noctuidae","Diarsia","Diarsia_brunnea"
"zMOTU_194","Metazoa","Arthropoda","Insecta","Diptera","Culicidae","Culiseta","Culiseta_nr._morsitans_APHA-8-2015A12"
"zMOTU_199","Metazoa","Arthropoda","Insecta","Diptera","Empididae","Empis","Empis_stercorea"
"zMOTU_202","Metazoa","Arthropoda","Insecta","Lepidoptera","Tortricidae","Epinotia","Epinotia_bilunana"
"zMOTU_205","Metazoa","Arthropoda","Insecta","Lepidoptera","Gelechiidae","Teleiodes","Teleiodes_wagae"
"zMOTU_206","Metazoa","Arthropoda","Insecta","Lepidoptera","Tortricidae","Aphelia","Aphelia_unitana"
"zMOTU_210","Metazoa","Arthropoda","Insecta","Diptera","Scathophagidae","Scathophaga","Scathophaga_sp._BIOUG19216-B12"
"zMOTU_213","Metazoa","Arthropoda","Insecta","Diptera","Muscidae","Polietes","Polietes_lardarius"
"zMOTU_222","Metazoa","Arthropoda","Insecta","Diptera","Limoniidae","Metalimnobia","Metalimnobia_triocellata"
"zMOTU_224","Metazoa","Arthropoda","Insecta","Diptera","Limoniidae","none","Limoniinae_sp._BOLD:ABZ1300"
"zMOTU_225","Metazoa","Arthropoda","Insecta","Diptera","Tachinidae","none","Tachinidae_sp._10FD01"
"zMOTU_226","Metazoa","Arthropoda","Insecta","Lepidoptera","Tortricidae","Ancylis","Ancylis_badiana"
"zMOTU_229","Metazoa","Arthropoda","Insecta","Diptera","Keroplatidae","Macrocera","Macrocera_parva"
"zMOTU_233","Metazoa","Arthropoda","Insecta","Lepidoptera","Batrachedridae","Batrachedra","Batrachedra_praeangusta"
"zMOTU_236","Metazoa","Arthropoda","Insecta","Diptera","Limoniidae","Dicranomyia","Dicranomyia_modesta"
"zMOTU_240","Metazoa","Arthropoda","Insecta","Diptera","Tipulidae","Tipula","Tipula_paludosa"
"zMOTU_242","Metazoa","Arthropoda","Insecta","Trichoptera","Odontoceridae","Odontocerum","Odontocerum_albicorne"
"zMOTU_244","Metazoa","Arthropoda","Insecta","Diptera","Anisopodidae","Sylvicola","Sylvicola_sp._BIOUG25496-E07"
"zMOTU_245","Metazoa","Arthropoda","Insecta","Lepidoptera","Geometridae","Idaea","Idaea_biselata"
"zMOTU_250","Metazoa","Arthropoda","Insecta","Trichoptera","Limnephilidae","Glyphotaelius","Glyphotaelius_pellucidus"
"zMOTU_252","Metazoa","Arthropoda","Insecta","Lepidoptera","Noctuidae","Diarsia","Diarsia_rubi"
"zMOTU_258","Metazoa","Arthropoda","Insecta","Diptera","Culicidae","Culiseta","Culiseta_annulata"
"zMOTU_282","Metazoa","Arthropoda","Insecta","Lepidoptera","Tortricidae","Cochylis","Cochylis_nana"
"zMOTU_285","Metazoa","Arthropoda","Insecta","Diptera","Cecidomyiidae","none","Cecidomyiidae_sp._BIOUG21359-A01"
"zMOTU_303","Metazoa","Arthropoda","Insecta","Trichoptera","Limnephilidae","Limnephilus","Limnephilus_sp._BIOUG00839-D09"
"zMOTU_325","Metazoa","Arthropoda","Insecta","Lepidoptera","Crambidae","none","Crambidae_sp._BOLD:AAC0540"
"zMOTU_331","Metazoa","Arthropoda","Insecta","Lepidoptera","none","none","Lepidoptera_sp._BOLD:AAI6730"
"zMOTU_334","Metazoa","Arthropoda","Insecta","Lepidoptera","Notodontidae","Oricia","Oricia_sp._truncataDHJ03"
"zMOTU_354","Metazoa","Arthropoda","Insecta","Neuroptera","Hemerobiidae","Hemerobius","Hemerobius_discretus"
"zMOTU_358","Metazoa","Arthropoda","Insecta","Lepidoptera","Geometridae","Anisoperas","Anisoperas_sp._BOLD:AAI4624"
"zMOTU_370","Metazoa","Arthropoda","Insecta","Lepidoptera","Crambidae","Eudonia","Eudonia_lacustrata"
"zMOTU_372","Metazoa","Arthropoda","Insecta","Trichoptera","Limnephilidae","Micropterna","Micropterna_lateralis"
"zMOTU_374","Metazoa","Arthropoda","Insecta","Diptera","Dolichopodidae","Gymnopternus","Gymnopternus_sp._BOLD:ACA1110"
"zMOTU_378","Metazoa","Arthropoda","Insecta","Diptera","Culicidae","Culex","Culex_quinquefasciatus"
"zMOTU_396","Metazoa","Arthropoda","Insecta","Lepidoptera","Tortricidae","Notocelia","Notocelia_illotana"
"zMOTU_400","Metazoa","Arthropoda","Insecta","Lepidoptera","Tortricidae","Eucosma","Eucosma_parvulana"
"zMOTU_415","Metazoa","Arthropoda","Insecta","Diptera","Chironomidae","none","Chironominae_sp._BIOUG23326-B03"
"zMOTU_421","Metazoa","Arthropoda","Insecta","Lepidoptera","Tortricidae","Apotomis","Apotomis_sauciana"
"zMOTU_440","Metazoa","Arthropoda","Insecta","Lepidoptera","Tortricidae","Orthotaenia","Orthotaenia_undulana"
"zMOTU_443","Metazoa","Arthropoda","Insecta","Lepidoptera","Noctuidae","Tholera","Tholera_americana"
"zMOTU_450","Metazoa","Arthropoda","Insecta","Lepidoptera","Tortricidae","Acleris","Acleris_schalleriana"
"zMOTU_476","Metazoa","Arthropoda","Insecta","Lepidoptera","none","none","Lepidoptera_sp._BOLD:AAA0078"
"zMOTU_504","Metazoa","Arthropoda","Insecta","Lepidoptera","Noctuidae","Richia","Richia_chortalis"
"zMOTU_531","Metazoa","Arthropoda","Insecta","Lepidoptera","Tortricidae","Eucosma","Eucosma_monitorana"
"zMOTU_573","Metazoa","Arthropoda","Insecta","Lepidoptera","Tortricidae","Apotomis","Apotomis_sp._BIOUG27506-A02"
"zMOTU_576","Metazoa","Arthropoda","Insecta","Lepidoptera","Elachistidae","Elachista","Elachista_pollinariella"
"zMOTU_621","Metazoa","Arthropoda","Insecta","Lepidoptera","Geometridae","Pseudomennis","Pseudomennis_dioptoides"
"zMOTU_719","Metazoa","Arthropoda","Insecta","Lepidoptera","Geometridae","Charissa","Charissa_predotae"
"zMOTU_733","Metazoa","Arthropoda","Insecta","Diptera","Tipulidae","Tipula","Tipula_sp._BIOUG21783-H03"
"zMOTU_753","Metazoa","Arthropoda","Insecta","Lepidoptera","Oecophoridae","Machaeritis","Machaeritis_sp._ANIC2"
"zMOTU_885","Metazoa","Arthropoda","Insecta","Lepidoptera","Noctuidae","Dasypolia","Dasypolia_sp._AS-2010a"
"zMOTU_955","Metazoa","Arthropoda","Insecta","Diptera","Tipulidae","Tipula","Tipula_usitata"
"zMOTU_1122","Metazoa","Arthropoda","Insecta","Lepidoptera","Tortricidae","Syricoris","Syricoris_lacunana"
"zMOTU_1147","Metazoa","Arthropoda","Insecta","Lepidoptera","Erebidae","Arctia","Arctia_villica"
"zMOTU_1213","Metazoa","Arthropoda","Insecta","Diptera","Anthomyiidae","Delia","Delia_lineariventris"
"zMOTU_1472","Metazoa","Arthropoda","Insecta","Diptera","Scathophagidae","Scathophaga","Scathophaga_stercoraria"
"zMOTU_2231","Metazoa","Arthropoda","Insecta","Lepidoptera","Tortricidae","Apotomis","Apotomis_capreana"
"zMOTU_2304","Metazoa","Arthropoda","Insecta","Diptera","Psilidae","Chamaepsila","Chamaepsila_rosae"
